key,value,name,short_desc,full_meaning
duongDoi,1,Đường đời,Nhà lãnh đạo tiên phong và quyết đoán,"Người mang số Đường đời 1 sinh ra với tố chất tiên phong, tự chủ và độc lập. Bạn có khả năng dẫn dắt người khác, đưa ra quyết định quyết đoán và tự mình khai phá những con đường mới mẻ."
duongDoi,2,Đường đời,Sứ giả hòa bình và kết nối yêu thương,"Người mang số Đường đời 2 sở hữu trực giác nhạy bén, khả năng lắng nghe và sự thấu cảm tuyệt vời. Bạn là chất keo gắn kết mọi người và mang lại sự hòa giải êm đẹp trong các mối quan hệ."
duongDoi,3,Đường đời,Bậc thầy truyền cảm hứng và sáng tạo,"Người mang số Đường đời 3 tràn đầy năng lượng tươi vui, khiếu hài hước và khả năng biểu đạt ngôn từ xuất chúng. Bạn sinh ra để tỏa sáng, truyền niềm vui và cảm hứng nghệ thuật cho cuộc sống."
duongDoi,4,Đường đời,Chuyên gia kiến tạo và kỷ luật vững chắc,"Người mang số Đường đời 4 là biểu tượng của sự thực tế, tỉ mỉ, trung thực và kiên trì. Bạn xây dựng mọi thành quả từ nền móng vững chắc và luôn là điểm tựa đáng tin cậy của gia đình, tổ chức."
duongDoi,5,Đường đời,Nhà phiêu lưu tự do và thích ứng linh hoạt,"Người mang số Đường đời 5 khao khát tự do, đổi mới và khám phá thế giới. Bạn thích trải nghiệm điều mới mẻ, linh hoạt trước mọi thay đổi và sở hữu sức hút lan tỏa tự nhiên."
duongDoi,6,Đường đời,Người chăm sóc và kiến tạo tổ ấm yêu thương,"Người mang số Đường đời 6 mang trái tim ấm áp, giàu tình yêu thương, tinh thần trách nhiệm và lòng vị tha. Hạnh phúc lớn nhất của bạn là được bảo bọc, chăm sóc những người thân yêu."
duongDoi,7,Đường đời,Nhà thông thái tìm kiếm chân lý và tri thức,"Người mang số Đường đời 7 có năng lực phân tích sâu sắc, thích suy ngẫm và khám phá quy luật vũ trụ. Bạn là người giải mã các bí ẩn và luôn tìm kiếm sự tĩnh tại, tri thức chân thật."
duongDoi,8,Đường đời,Bậc thầy điều hành và hiện thực hóa tài chính,"Người mang số Đường đời 8 có tư duy quản trị, tầm nhìn chiến lược và năng lượng thu hút tài chính, quyền lực. Bạn sinh ra để xây dựng doanh nghiệp và hiện thực hóa các mục tiêu lớn."
duongDoi,9,Đường đời,Nhà hoạt động nhân đạo và vị tha cống hiến,"Người mang số Đường đời 9 mang lý tưởng phụng sự nhân loại, bao dung và trách nhiệm xã hội cao cả. Bạn luôn hướng về cộng đồng và truyền đi thông điệp tình thương vô điều kiện."
duongDoi,11,Đường đời,Bậc thầy trực giác và truyền cảm hứng tâm thức,"Số Master 11 kết hợp sự nhạy bén của số 2 và tinh thần tiên phong của số 1. Bạn sở hữu trực giác phi thường, là ngọn hải đăng soi sáng và thức tỉnh tiềm năng tâm hồn cho mọi người."
duongDoi,22,Đường đời,Kiến trúc sư vĩ đại của thực tại,"Số Master 22 có năng lực biến những giấc mơ vĩ đại thành các công trình, hệ thống hiện thực. Bạn sở hữu tầm nhìn thế giới cùng khả năng thực thi thực tế bậc thầy."
duongDoi,33,Đường đời,Bậc thầy chữa lành bằng tình thương vô điều kiện,"Số Master 33 đại diện cho lòng từ bi tối thượng và sự hy sinh cao cả vì hạnh phúc của nhân loại. Bạn lan tỏa năng lượng bình an và chữa lành vết thương tâm hồn cho số đông."
suMenh,1,Sứ mệnh,Tiên phong dẫn lối và tự chủ hành động,"Sứ mệnh của bạn là trở thành người tiên phong, khai phá những lĩnh vực mới và độc lập tự chủ kiến tạo sự nghiệp mang đậm dấu ấn cá nhân."
suMenh,2,Sứ mệnh,Xây dựng hòa bình và kết nối tình thương,"Sứ mệnh của bạn là mang sự hòa hợp, gắn kết và ngoại giao khéo léo vào mọi môi trường sống, giúp mọi người đồng lòng hợp tác."
suMenh,3,Sứ mệnh,Nâng đỡ tinh thần và lan tỏa niềm vui,"Sứ mệnh của bạn là dùng năng lượng sáng tạo, tiếng cười và nghệ thuật giao tiếp để truyền động lực tích cực cho cuộc sống."
suMenh,4,Sứ mệnh,Thiết lập trật tự và quy chuẩn bền vững,"Sứ mệnh của bạn là thiết lập các quy trình, hệ thống làm việc chuẩn mực, rõ ràng và ổn định lâu dài cho cộng đồng."
suMenh,5,Sứ mệnh,Thúc đẩy đổi mới và giải phóng tiềm năng,"Sứ mệnh của bạn là phá vỡ những giới hạn cũ kỹ, truyền cảm hứng đổi mới và sống một cuộc đời phong phú, can đảm trải nghiệm."
suMenh,6,Sứ mệnh,Phụng dưỡng gia đình và gieo mầm hạnh phúc,"Sứ mệnh của bạn là kiến tạo mái ấm bình an, nuôi dưỡng tình thương và chăm sóc sức khỏe, tinh thần cho những người xung quanh."
suMenh,7,Sứ mệnh,Khai mở tri thức và nâng cao nhận thức,"Sứ mệnh của bạn là nghiên cứu, chiêm nghiệm và đúc kết những chân lý sâu sắc, giúp người khác hiểu rõ hơn về bản thân và quy luật tự nhiên."
suMenh,8,Sứ mệnh,Kiến tạo thịnh vượng và công bằng vật chất,"Sứ mệnh của bạn là làm chủ thế giới vật chất, tạo dựng nguồn tài chính dồi dào và sử dụng nguồn lực đó để nâng tầm xã hội."
suMenh,9,Sứ mệnh,Cống hiến vì nhân loại và phụng sự cộng đồng,"Sứ mệnh của bạn là cho đi không vụ lợi, bảo vệ những người yếu thế và đóng góp công sức vào sự tiến bộ của toàn xã hội."
linhHon,1,Linh hồn,Khát khao tự do và làm chủ vận mệnh,"Tâm hồn bạn chỉ thực sự mãn nguyện khi được tự do quyết định cuộc đời mình, không bị ai áp đặt hay chi phối."
linhHon,2,Linh hồn,Khao khát được yêu thương và thấu hiểu,"Nội tâm sâu kín của bạn luôn tìm kiếm sự hòa hợp, bình yên và những mối quan hệ gắn bó, chân thành từ đáy lòng."
linhHon,3,Linh hồn,Ước muốn bộc lộ cảm xúc và tỏa sáng,"Linh hồn bạn khao khát được diễn đạt suy nghĩ, được chia sẻ niềm vui và nhận được sự đồng điệu, đón nhận từ mọi người."
nhanCach,1,Nhân cách,Phong thái đĩnh đạc và uy quyền,"Người ngoài nhìn bạn như một cá nhân tự tin, độc lập, có lập trường vững vàng và phong thái của một người dẫn đầu."
nhanCach,2,Nhân cách,Vẻ ngoài dịu dàng và lịch thiệp,"Bạn tạo ấn tượng ban đầu là người hiền hòa, dễ mến, biết lắng nghe và luôn tôn trọng ý kiến của người đối diện."
truongThanh,1,Trưởng thành,Bứt phá thành công bằng nỗ lực tự thân,"Bước vào tuổi trung niên, bạn sẽ phát huy trọn vẹn năng lực tự lập, tự tin làm chủ sự nghiệp và gặt hái thành quả vẻ vang."
ngaySinh,1,Ngày sinh,Tố chất sáng tạo và năng động bẩm sinh,"Ngay từ nhỏ, bạn đã bộc lộ tính cách tự giác, độc lập, thích tự mình giải quyết vấn đề và có tư duy khác biệt."
thaiDo,1,Thái độ,Chủ động ứng phó và quyết liệt xử lý,"Khi gặp biến cố hay thử thách bất ngờ, bạn không chần chừ mà luôn chủ động đứng ra giải quyết ngay lập tức."
canBang,1,Cân bằng,Lấy lại tự chủ và định tâm hành động,"Mỗi khi hoang mang hay mất phương hướng, bạn chỉ cần ngồi lại một mình, tự nhắc nhở mục tiêu cốt lõi và hành động quyết liệt."
tuDuyLyTri,1,Tư duy lý trí,Phân tích nhanh gọn và hướng tới kết quả,"Bộ não bạn tiếp cận vấn đề một cách trực diện, thực tế, ưu tiên giải pháp hành động cụ thể hơn là lý thuyết rườm rà."
sucManhTiemThuc,9,Sức mạnh tiềm thức,Bản lĩnh nội tâm vững vàng trọn vẹn,"Bạn có sức mạnh tự phục hồi tâm lý tuyệt vời, có thể tự mình đứng dậy và bước tiếp sau mọi thất bại cuộc đời."
lkDuongDoiSuMenh,0,Liên kết Đường đời - Sứ mệnh,Hợp nhất lý tưởng và hành trình thực tế,"Đường đời và Sứ mệnh của bạn cùng hòa chung một nhịp, giúp bạn dễ dàng tìm thấy tiếng gọi con tim và kiên định mục tiêu."
